Nome,Email,Cell,Password,Role
Gabriel Edson da Silva,gabriel_dasilva@compecia.com.br,(27) 99782-1227,Rrqmss1#,System
João Edson Rodrigues,joao_rodrigues@grupompe.com.br,(96) 99806-6824,Rrqmss1#,Administrator
Benedito Renato Bernardo Silveira,beneditorenatosilveira@salera.com.br,(54) 99872-0701,Rrqmss1#,Operator
Miguel Isaac Vitor Moraes,miguel_moraes@camilapassos.com.br,(11) 98421-5916,Rrqmss1#,Person
Anderson Bernardo Aparício,anderson_aparicio@huggoromano.com,(82) 98259-9936,Rrqmss1#,Person
Levi Rodrigo Diogo Araújo,levi-araujo95@india.com,(47) 99555-6899,Rrqmss1#,Person
Manuel Elias dos Santos,manuel-dossantos70@iesa.com.br,(93) 99668-0934,Rrqmss1#,Person
Carlos Eduardo Mário Samuel Oliveira,carloseduardooliveira@eletrolexeng.com.br,(43) 99256-9175,Rrqmss1#,Person
João José Alves,joao-alves74@cantinadafazenda.com.br,(92) 99317-2033,Rrqmss1#,Person
Leonardo Leonardo Moreira,leonardo-moreira84@gaviola.com,(62) 98836-0540,Rrqmss1#,Person
Henrique Mateus Costa,henrique.mateus.costa@dinamicaconsultoria.com,(96) 98358-1790,Rrqmss1#,Person
Vitor Cláudio Lima,vitorclaudiolima@mixfmmanaus.com.br,(27) 99746-3785,Rrqmss1#,Person
Diogo Gael Almeida,diogo_gael_almeida@planicoop.com.br,(61) 98628-3732,Rrqmss1#,Person
Alexandre Mateus Souza,alexandre-souza72@ozzape.com,(27) 98303-1082,Rrqmss1#,Person
Anthony Mário Victor Freitas,anthony_freitas@maliziaarranjosflorais.com.br,(73) 99150-7576,Rrqmss1#,Person
Danilo Emanuel Osvaldo da Costa,danilo.emanuel.dacosta@eccotrans.com.br,(61) 99155-3302,Rrqmss1#,Person
Pietro Thomas Lorenzo Duarte,pietro.thomas.duarte@solutionimoveis.com.br,(62) 98994-1603,Rrqmss1#,Person
Pedro Henrique Bryan Levi Pereira,pedro-pereira84@rgsa.com.br,(84) 98204-0324,Rrqmss1#,Person
Tiago Paulo Rezende,tiago.paulo.rezende@dkcarmo.com,(89) 98672-9911,Rrqmss1#,Person
Danilo Sérgio das Neves,danilo_dasneves@telecall.com,(83) 98433-2481,Rrqmss1#,Person
Benício Ian Yago Assis,benicio_assis@vlcorporate.com,(61) 99947-4900,Rrqmss1#,Person
Enzo Marcos Vinicius Ferreira,enzo_marcos_ferreira@ceuazul.ind.br,(96) 98703-0937,Rrqmss1#,Person
Giovanni Manuel Henrique Novaes,"giovanni-novaes96@yahoo.com,br",(51) 98919-9340,Rrqmss1#,Person
André Severino Gomes,andreseverinogomes@tirantea.com.br,(61) 99292-7157,Rrqmss1#,Person
Levi Luís Bernardes,levi.luis.bernardes@land.com.br,(79) 99143-0914,Rrqmss1#,Person
Kauê Murilo Galvão,kaue-galvao99@albap.com.br,(27) 99820-0992,Rrqmss1#,Person
Paulo Gael Aragão,paulogaelaragao@starmidia.tv,(51) 99247-7978,Rrqmss1#,Person
Thomas Diogo Arthur Martins,thomas_diogo_martins@tedde.com.br,(81) 99619-9083,Rrqmss1#,Person
Renan Victor Paulo Ribeiro,renan_victor_ribeiro@mktec.com.br,(68) 99788-0487,Rrqmss1#,Person
Benjamin Raul Corte Real,benjamin_raul_cortereal@advogadostb.com.br,(87) 98989-6125,Rrqmss1#,Person
Thomas Elias Felipe Fernandes,thomas_fernandes@bom.com.br,(77) 99814-8677,Rrqmss1#,Person
Bernardo Francisco Almeida,bernardo_almeida@fortlar.com.br,(95) 99327-6186,Rrqmss1#,Person
Thales Renan Geraldo Viana,thales.renan.viana@zuinzuin.com.br,(69) 99205-8077,Rrqmss1#,Person
Bernardo Tomás Cavalcanti,bernardo.tomas.cavalcanti@ugeda.com.br,(47) 99937-6044,Rrqmss1#,Person
Gustavo Caio Nathan Costa,gustavo_costa@andressamelo.com.br,(91) 99716-4030,Rrqmss1#,Person
Márcio Benício Ferreira,marcio-ferreira87@ideiaviva.com.br,(62) 99780-3320,Rrqmss1#,Person
Theo Kaique Alexandre Figueiredo,theo-figueiredo89@systemsadvisers.com,(51) 99267-4219,Rrqmss1#,Person
Raul Vicente Heitor da Mata,raul_damata@marcenariamagno.com.br,(47) 99257-7352,Rrqmss1#,Person
Geraldo Geraldo Enzo Fogaça,geraldogeraldofogaca@lanchesdahora.com.br,(99) 98370-9455,Rrqmss1#,Person
Bernardo Henry Oliver da Conceição,bernardo_henry_daconceicao@proxion.com.br,(98) 98769-0388,Rrqmss1#,Person
Davi Fernando Fernando Caldeira,davi_fernando_caldeira@officetectecnologia.com.br,(67) 98882-6272,Rrqmss1#,Person
Arthur Daniel Manoel Brito,arthurdanielbrito@acmsaopaulo.org,(83) 98667-2570,Rrqmss1#,Person
Murilo Gabriel Davi Moura,murilo_moura@bool.com.br,(82) 98412-8382,Rrqmss1#,Person
Yuri Enzo Galvão,yuri-galvao97@unitau.com.br,(67) 99282-1580,Rrqmss1#,Person
Fábio Calebe Nathan da Silva,fabio.calebe.dasilva@candello.abv.br,(31) 99298-9422,Rrqmss1#,Person
Igor Gabriel Marcos Vinicius Rezende,igor-rezende72@fertility.com.br,(11) 99826-4206,Rrqmss1#,Person
Joaquim Osvaldo Diego Bernardes,joaquim-bernardes80@escribacontabil.com.br,(92) 98299-9341,Rrqmss1#,Person
Anthony Yago Nascimento,anthony_yago_nascimento@rogerstenis.com.br,(67) 99612-1295,Rrqmss1#,Person
Erick Victor Assis,erick_assis@solviagens.com,(91) 99421-1180,Rrqmss1#,Person
Caleb Pedro Enzo Araújo,caleb_araujo@signa.net.br,(79) 98509-8711,Rrqmss1#,Person
Nelson César Manuel Farias,nelson.cesar.farias@dmarquivo.com.br,(47) 99603-4756,Rrqmss1#,Person
Pedro Paulo Ricardo Duarte,pedro_paulo_duarte@vetech.vet.br,(92) 98343-1659,Rrqmss1#,Person
Juan Carlos Carvalho,juan.carlos.carvalho@msn.com,(71) 99648-4951,Rrqmss1#,Person
Raimundo Sebastião João Barbosa,raimundo_barbosa@elevaconsultancy.com.br,(65) 98978-9529,Rrqmss1#,Person
Severino Severino Iago Rocha,severino-rocha82@bhcervejas.com.br,(67) 98300-0155,Rrqmss1#,Person
Murilo Anderson Souza,murilo.anderson.souza@img.com.br,(98) 98905-7882,Rrqmss1#,Person
Alexandre Luís Santos,alexandre_luis_santos@vegacon.com.br,(83) 99822-6662,Rrqmss1#,Person
Manuel Arthur Augusto Pires,manuel-pires97@danielvasconcelos.com.br,(68) 98347-8345,Rrqmss1#,Person
Nathan Alexandre Diogo dos Santos,nathan_alexandre_dossantos@construtoracostanorte.com.br,(82) 99524-5464,Rrqmss1#,Person
Noah Vinicius Igor Monteiro,noahviniciusmonteiro@cabletech.com.br,(86) 99478-1831,Rrqmss1#,Person